request_id,amount_safe_to_pay,affordability_status,recommended_payment_method,payment_plan,earliest_date_for_full_payment,spending_changes_needed,decision_explanation
request_26,15656000.0,affordable_now,full_payment,2025-08-03:15656000,2025-08-03,none,
request_27,6670.0,affordable_now,full_payment,2026-07-05:6670,2026-07-05,none,
request_28,236.12,affordable_with_plan,wait,2024-08-15:1302.4,2024-08-15,none,
request_29,51524.0,affordable_now,full_payment,2025-11-04:51524,2025-11-04,none,
request_30,775.2,affordable_with_plan,installments,2026-04-06:268.74|2026-05-06:268.74|2026-06-05:268.74,2026-04-06,none,
request_31,1272416.37,affordable_with_plan,wait,2024-09-15:18164000,2024-09-15,none,
request_32,15840.51,affordable_later,wait,2025-05-06:40018,2025-05-06,none,
request_33,20524.52,affordable_later,wait,2026-04-07:118000,2026-04-07,none,
request_34,129400.0,affordable_now,full_payment,2024-12-04:129400,2024-12-04,none,
request_35,27132.72,affordable_with_plan,wait,2026-01-15:212000,2026-01-15,none,
request_36,595.07,affordable_later,wait,2026-10-01:3954,2026-10-01,none,
request_37,1504185.48,affordable_later,wait,2024-06-03:14649000,2024-06-03,none,
request_38,158.88,affordable_with_plan,wait,2025-10-15:971.3,2025-10-15,none,
request_39,46893.88,affordable_with_plan,wait,2026-04-15:208600,2026-04-15,none,
request_40,405.71,affordable_with_plan,wait,2024-08-15:1290.3,2024-08-15,none,
request_41,3607067.47,affordable_with_plan,wait,2025-11-15:38760000,2025-11-15,none,
request_42,52100.0,affordable_now,full_payment,2026-01-05:52100,2026-01-05,none,
request_43,5151028.41,affordable_later,wait,2024-12-06:43339000,2024-12-06,none,
request_44,0.0,not_affordable,not_recommended,none,,none,
request_45,4368293.57,affordable_later,wait,2026-10-04:21983000,2026-10-04,none,
request_46,39629.31,affordable_with_plan,partial_payment,2024-12-03:39629.31|2024-12-15:9820.69,2024-12-15,none,
request_47,38114000.0,affordable_now,full_payment,2025-05-05:38114000,2025-05-05,none,
request_48,45700.0,affordable_now,full_payment,2026-07-25:45700,2026-07-25,none,
request_49,3847705.25,not_affordable,not_recommended,none,,none,
request_50,43900.0,affordable_now,full_payment,2025-08-06:43900,2025-08-06,none,
request_51,2191000.0,affordable_now,full_payment,2026-01-03:2191000,2026-01-03,none,
request_52,20397.8,affordable_with_plan,wait,2024-06-15:28870,2024-06-15,none,
request_53,455.06,affordable_with_plan,installments,2025-11-07:124.61|2025-12-07:124.61|2026-01-06:124.61|2026-02-05:124.61|2026-03-07:124.61|2026-04-06:124.61|2026-05-06:124.61|2026-06-05:124.61|2026-07-05:124.61|2026-08-04:124.61|2026-09-03:124.61|2026-10-03:124.61|2026-11-02:124.61|2026-12-02:124.61|2027-01-01:124.61,2026-01-15,none,
request_54,865.18,not_affordable,not_recommended,none,,none,
request_55,108572.56,not_affordable,not_recommended,none,,none,
request_56,370.82,affordable_with_plan,partial_payment,2025-02-03:370.82|2025-02-15:510.74,2025-02-15,none,
request_57,7367.12,affordable_later,wait,2026-07-04:61446,2026-07-04,none,
request_58,16226000.0,affordable_now,full_payment,2024-12-07:16226000,2024-12-07,none,
request_59,140600.0,affordable_with_plan,installments,2025-05-07:48741.33|2025-06-04:48741.33|2025-07-02:48741.33,2025-05-04,none,
request_60,0.0,not_affordable,not_recommended,none,,none,
request_61,29062.0,affordable_with_plan,installments,2024-03-17:10074.83|2024-04-17:10074.83|2024-05-18:10074.83,2024-03-03,none,
request_62,404.23,affordable_now,full_payment,2025-08-05:404.23,2025-08-05,none,
request_63,23132.82,not_affordable,not_recommended,none,,none,
request_64,35430.79,not_affordable,not_recommended,none,,none,
request_65,4272.55,not_affordable,not_recommended,none,,none,
request_66,22200.0,affordable_now,full_payment,2026-04-03:22200,2026-04-03,none,
request_67,257.8,affordable_with_plan,wait,2024-09-15:2094,2024-09-15,none,
request_68,1354.01,affordable_with_plan,installments,2025-02-14:725.09|2025-03-14:725.09|2025-04-11:725.09,2025-03-15,none,
request_69,394.08,affordable_later,wait,2026-03-15:529.1,2026-03-15,none,
request_70,42367.06,affordable_with_plan,wait,2025-02-15:243900,2025-02-15,none,
request_71,0.0,not_affordable,not_recommended,none,,none,
request_72,10835.7,affordable_later,wait,2026-07-15:11330,2026-07-15,none,
request_73,65520.32,affordable_later,wait,2023-02-15:71400,2023-02-15,none,
request_74,5010.0,affordable_now,full_payment,2025-08-04:5010,2025-08-04,none,
request_75,28270.0,affordable_with_plan,installments,2026-04-09:9800.27|2026-05-09:9800.27|2026-06-08:9800.27,2026-04-06,none,
request_76,654.25,not_affordable,not_recommended,none,,none,
request_77,45011.06,affordable_later,wait,2025-12-15:60700,2025-12-15,none,
request_78,36200.1,affordable_later,wait,2025-12-15:50200,2025-12-15,none,
request_79,307.2,not_affordable,not_recommended,none,,none,
request_80,93321.16,not_affordable,not_recommended,none,,none,
request_81,2076.0,affordable_now,full_payment,2026-07-03:2076,2026-07-03,none,
request_82,325.39,affordable_with_plan,wait,2025-02-15:1405.2,2025-02-15,none,
request_83,0.0,not_affordable,not_recommended,none,,none,
request_84,15399.79,affordable_later,wait,2026-07-03:95400,2026-07-03,none,
request_85,0.0,not_affordable,not_recommended,none,,none,
request_86,44864.479999999996,affordable_with_plan,wait,2025-08-15:46300,2025-08-15,none,
request_87,0.0,not_affordable,not_recommended,none,,none,
request_88,9731.73,affordable_with_plan,installments,2024-06-14:9045.23|2024-07-15:9045.23|2024-08-15:9045.23,2024-07-15,none,
request_89,8250123.45,affordable_with_plan,installments,2025-11-18:4768746.67|2025-12-16:4768746.67|2026-01-13:4768746.67,2025-11-15,none,
request_90,2560.0,affordable_now,full_payment,2026-07-06:2560,2026-07-06,none,
request_91,188.29,affordable_with_plan,wait,2024-11-15:1927.2,2024-11-15,none,
request_92,30958.76,affordable_later,wait,2025-02-15:34034,2025-02-15,none,
request_93,1729.2,affordable_now,full_payment,2026-04-07:1729.2,2026-04-07,none,
request_94,572.0,affordable_now,full_payment,2024-12-04:572,2024-12-04,none,
request_95,37393.6,not_affordable,not_recommended,none,,none,
request_96,75809.49,affordable_with_plan,installments,2026-01-10:31269.33|2026-02-09:31269.33|2026-03-11:31269.33,2026-01-15,none,
request_97,143.37,affordable_with_plan,installments,2024-03-19:8145.28|2024-04-19:8145.28|2024-05-20:8145.28,2024-03-15,none,
request_98,7113.42,affordable_later,wait,2025-11-05:27148,2025-11-05,none,
request_99,16222.5,affordable_later,wait,2026-07-15:18062,2026-07-15,none,
request_100,21357.84,affordable_with_plan,installments,2024-06-13:12866.19|2024-07-14:12866.19|2024-08-14:12866.19,2024-06-15,none,
request_101,129873.84,affordable_later,wait,2025-11-15:143500,2025-11-15,none,
request_102,1716.0,affordable_with_plan,installments,2026-04-05:594.88|2026-05-05:594.88|2026-06-04:594.88,2026-04-05,none,
request_103,16614.02,affordable_later,wait,2024-12-06:368300,2024-12-06,none,
request_104,17204.0,affordable_now,full_payment,2025-02-04:17204,2025-02-04,none,
request_105,23262.16,affordable_later,wait,2026-07-15:53500,2026-07-15,none,
request_106,302.34,affordable_with_plan,wait,2025-02-15:2207.7,2025-02-15,none,
request_107,0.0,not_affordable,not_recommended,none,,none,
request_108,2028.92,affordable_later,wait,2026-10-05:55308,2026-10-05,none,
request_109,447.2,affordable_with_plan,installments,2024-03-18:645.98|2024-04-18:645.98|2024-05-19:645.98,2024-03-15,none,
request_110,22352.0,affordable_with_plan,installments,2025-08-06:7748.69|2025-09-03:7748.69|2025-10-01:7748.69,2025-08-06,none,
request_111,16625000.0,affordable_now,full_payment,2026-04-03:16625000,2026-04-03,none,
request_112,271.7,affordable_now,full_payment,2024-06-05:271.7,2024-06-05,none,
request_113,20726.18,affordable_with_plan,wait,2026-10-15:36500,2026-10-15,none,
request_114,0.0,not_affordable,not_recommended,none,,none,
request_115,10901.49,affordable_with_plan,wait,2024-11-15:80500,2024-11-15,none,
request_116,9638.98,affordable_with_plan,installments,2025-02-17:17688|2025-03-19:17688|2025-04-18:17688|2025-05-18:17688|2025-06-17:17688|2025-07-17:17688|2025-08-16:17688|2025-09-15:17688|2025-10-15:17688|2025-11-14:17688|2025-12-14:17688|2026-01-13:17688|2026-02-12:17688|2026-03-14:17688|2026-04-13:17688,2025-05-04,none,
request_117,848.46,affordable_later,wait,2026-07-15:880,2026-07-15,none,
request_118,432.78,not_affordable,not_recommended,none,,none,
request_119,45671.49,not_affordable,not_recommended,none,,none,
request_120,7714000.0,affordable_now,full_payment,2026-04-06:7714000,2026-04-06,none,
request_121,580.16,affordable_later,wait,2024-03-15:633.6,2024-03-15,none,
request_122,20558000.0,affordable_with_plan,installments,2025-08-05:7126773.33|2025-09-02:7126773.33|2025-09-30:7126773.33,2025-08-05,none,
request_123,4076000.0,affordable_now,full_payment,2026-01-07:4076000,2026-01-07,none,
request_124,1409.52,affordable_with_plan,installments,2024-06-11:1076.12|2024-07-12:1076.12|2024-08-12:1076.12,2024-06-15,none,
request_125,5276.31,affordable_later,wait,2025-11-15:6468,2025-11-15,none,
request_126,159600.0,affordable_now,full_payment,2026-07-03:159600,2026-07-03,none,
request_127,0.0,not_affordable,not_recommended,none,,none,
request_128,22633.78,affordable_later,wait,2025-02-15:25168,2025-02-15,none,
request_129,38.59,not_affordable,not_recommended,none,,none,
request_130,300.0,affordable_later,wait,2025-03-06:1978.8,2025-03-06,none,
request_131,1226.6,not_affordable,not_recommended,none,,none,
request_132,0.0,not_affordable,not_recommended,none,,none,
request_133,15770000.0,not_affordable,not_recommended,none,,none,
request_134,5873402.23,affordable_with_plan,wait,2025-08-15:21831000,2025-08-15,none,
request_135,164.27,affordable_later,wait,2026-09-15:304.8,2026-09-15,none,
request_136,422.84,affordable_later,wait,2024-06-15:560.4,2024-06-15,none,
request_137,23225.100000000002,affordable_with_plan,wait,2026-01-15:80100,2026-01-15,none,
request_138,253.84,affordable_with_plan,partial_payment,2026-04-07:253.84|2026-05-15:1003.1,2026-05-15,none,
request_139,1165.37,affordable_with_plan,installments,2024-09-07:802.88|2024-10-08:802.88|2024-11-08:802.88,2024-09-15,none,
request_140,0.0,not_affordable,not_recommended,none,,none,
request_141,15336.09,not_affordable,not_recommended,none,,none,
request_142,1263.6,affordable_now,full_payment,2024-12-05:1263.6,2024-12-05,none,
request_143,0.0,not_affordable,not_recommended,none,,none,
request_144,181.57,affordable_later,wait,2026-09-15:233.34,2026-09-15,none,
request_145,11745.94,not_affordable,not_recommended,none,,none,
request_146,0.0,not_affordable,not_recommended,none,,none,
request_147,161.44,not_affordable,not_recommended,none,,none,
request_148,7248.05,not_affordable,not_recommended,none,,none,
request_149,15001.4,affordable_with_plan,installments,2025-11-18:12706.03|2025-12-16:12706.03|2026-01-13:12706.03,2025-11-15,none,
request_150,0.0,not_affordable,not_recommended,none,,none,
request_151,26999000.0,affordable_now,full_payment,2024-09-03:26999000,2024-09-03,none,
request_152,3464.67,not_affordable,not_recommended,none,,none,
request_153,102.38,affordable_later,wait,2026-10-05:2830.8,2026-10-05,none,
request_154,1625.8,affordable_with_plan,installments,2024-12-04:563.61|2025-01-04:563.61|2025-02-04:563.61,2024-12-04,none,
request_155,112500.0,affordable_now,full_payment,2025-05-06:112500,2025-05-06,none,
request_156,5716.56,affordable_later,wait,2026-07-02:43076,2026-07-02,none,
request_157,5449139.69,affordable_later,wait,2024-06-03:23503000,2024-06-03,none,
request_158,242600.0,affordable_with_plan,installments,2025-08-07:84101.33|2025-09-04:84101.33|2025-10-02:84101.33,2025-08-07,none,
request_159,13398.0,affordable_now,full_payment,2026-01-04:13398,2026-01-04,none,
request_160,459.89,affordable_with_plan,installments,2024-06-13:432.05|2024-07-14:432.05|2024-08-14:432.05,2024-07-15,none,
request_161,0.0,not_affordable,not_recommended,none,,none,
request_162,0.0,not_affordable,not_recommended,none,,none,
request_163,1001746.42,not_affordable,not_recommended,none,,none,
request_164,24003937.49,affordable_with_plan,installments,2025-02-11:9366240|2025-03-11:9366240|2025-04-08:9366240,2025-02-15,none,
request_165,80600.0,affordable_now,full_payment,2026-04-06:80600,2026-04-06,none,
request_166,2907.6,affordable_with_plan,installments,2024-12-03:1007.97|2025-01-03:1007.97|2025-02-03:1007.97,2024-12-03,none,
request_167,43802.0,affordable_now,full_payment,2025-05-05:43802,2025-05-05,none,
request_168,0.0,not_affordable,not_recommended,none,,none,
request_169,41976.0,affordable_now,full_payment,2024-03-04:41976,2024-03-04,none,
request_170,28714727.3,not_affordable,not_recommended,none,,none,
request_171,0.0,not_affordable,not_recommended,none,,none,
request_172,7166.86,not_affordable,not_recommended,none,,none,
request_173,59229.41,affordable_with_plan,installments,2025-11-07:8286.67|2025-12-07:8286.67|2026-01-06:8286.67|2026-02-05:8286.67|2026-03-07:8286.67|2026-04-06:8286.67|2026-05-06:8286.67|2026-06-05:8286.67|2026-07-05:8286.67|2026-08-04:8286.67|2026-09-03:8286.67|2026-10-03:8286.67|2026-11-02:8286.67|2026-12-02:8286.67|2027-01-01:8286.67,2026-01-15,none,
request_174,1146.2,affordable_with_plan,installments,2026-04-04:397.35|2026-05-04:397.35|2026-06-03:397.35,2026-04-04,none,
request_175,2346.3,affordable_now,full_payment,2024-09-06:2346.3,2024-09-06,none,
request_176,310.35,affordable_later,wait,2025-03-15:1239.7,2025-03-15,none,
request_177,0.0,not_affordable,not_recommended,none,,none,
request_178,2938.1,affordable_with_plan,installments,2024-12-07:1018.54|2025-01-07:1018.54|2025-02-07:1018.54,2024-12-07,none,
request_179,6732113.81,affordable_later,wait,2025-08-02:41648000,2025-08-02,none,
request_180,66500.0,affordable_now,full_payment,2026-07-06:66500,2026-07-06,none,
request_181,114.23,affordable_later,wait,2024-05-15:5059.2,2024-05-15,none,
request_182,65714.0,affordable_now,full_payment,2025-08-05:65714,2025-08-05,none,
request_183,11799577.2,not_affordable,not_recommended,none,,none,
request_184,0.0,not_affordable,not_recommended,none,,none,
request_185,249.09,affordable_with_plan,wait,2026-01-15:1257.3,2026-01-15,none,
request_186,0.0,not_affordable,not_recommended,none,,none,
request_187,41072.31,affordable_with_plan,wait,2024-11-15:187500,2024-11-15,none,
request_188,0.0,not_affordable,not_recommended,none,,none,
request_189,488.4,affordable_now,full_payment,2026-07-04:488.4,2026-07-04,none,
request_190,366.48,affordable_with_plan,wait,2024-12-15:2557.5,2024-12-15,none,
request_191,664.4,affordable_now,full_payment,2025-05-03:664.4,2025-05-03,none,
request_192,68.63,affordable_later,wait,2026-07-04:2046,2026-07-04,none,
request_193,0.0,not_affordable,not_recommended,none,,none,
request_194,22109.68,affordable_with_plan,wait,2025-10-15:132800,2025-10-15,none,
request_195,0.0,not_affordable,not_recommended,none,,none,
request_196,762.3,affordable_now,full_payment,2024-06-03:762.3,2024-06-03,none,
request_197,0.0,not_affordable,not_recommended,none,,none,
request_198,185800.0,affordable_now,full_payment,2026-07-07:185800,2026-07-07,none,
request_199,23674000.0,affordable_with_plan,installments,2024-09-07:8206986.67|2024-10-08:8206986.67|2024-11-08:8206986.67,2024-09-04,none,
request_200,21717000.0,affordable_now,full_payment,2025-02-06:21717000,2025-02-06,none,
request_201,23997000.0,affordable_now,full_payment,2026-04-03:23997000,2026-04-03,none,
request_202,117986.88,affordable_later,wait,2025-01-15:123900,2025-01-15,none,
request_203,1442.1,affordable_with_plan,installments,2025-05-10:499.93|2025-06-07:499.93|2025-07-05:499.93,2025-05-07,none,
request_204,588.74,affordable_now,full_payment,2026-01-04:588.74,2026-01-04,none,
request_205,10621000.0,affordable_now,full_payment,2024-03-06:10621000,2024-03-06,none,
request_206,1404.7,affordable_with_plan,installments,2025-08-03:486.96|2025-08-31:486.96|2025-09-28:486.96,2025-08-03,none,
request_207,2557.48,affordable_with_plan,wait,2026-07-15:11830,2026-07-15,none,
request_208,3263124.36,affordable_with_plan,wait,2024-06-15:4413000,2024-06-15,none,
request_209,837.41,not_affordable,not_recommended,none,,none,
request_210,491.93,affordable_with_plan,partial_payment,2026-04-06:491.93|2026-04-15:868.09,2026-04-15,none,
request_211,196.75,affordable_with_plan,wait,2024-09-15:1788.6,2024-09-15,none,
request_212,4350428.87,affordable_later,wait,2025-05-06:71934000,2025-05-06,none,
request_213,3362.4,affordable_with_plan,installments,2026-01-21:1165.63|2026-02-20:1165.63|2026-03-22:1165.63,2026-01-07,none,
request_214,22649.27,affordable_with_plan,partial_payment,2024-12-04:22649.27|2025-01-15:47100.73,2025-01-15,none,
request_215,29986.0,affordable_with_plan,installments,2025-05-09:10395.15|2025-06-06:10395.15|2025-07-04:10395.15,2025-05-06,none,
request_216,382.93,affordable_later,wait,2026-10-01:3332.4,2026-10-01,none,
request_217,19041.89,affordable_with_plan,installments,2024-03-19:12889.07|2024-04-19:12889.07|2024-05-20:12889.07,2024-03-15,none,
request_218,22258623.07,affordable_with_plan,installments,2025-08-07:21195893.33|2025-09-04:21195893.33|2025-10-02:21195893.33,2025-08-15,none,
request_219,756.52,affordable_with_plan,installments,2026-04-07:580.01|2026-05-07:580.01|2026-06-06:580.01,2026-05-15,none,
request_220,0.0,not_affordable,not_recommended,none,,none,
request_221,109800.0,affordable_now,full_payment,2025-11-03:109800,2025-11-03,none,
request_222,34078.0,affordable_now,full_payment,2026-01-05:34078,2026-01-05,none,
request_223,839.13,affordable_with_plan,wait,2024-09-15:898.7,2024-09-15,none,
request_224,4180405.59,not_affordable,not_recommended,none,,none,
request_225,10411935.5,not_affordable,not_recommended,none,,none,
request_226,157000.0,affordable_now,full_payment,2024-12-03:157000,2024-12-03,none,
request_227,800.54,not_affordable,not_recommended,none,,none,
request_228,0.0,not_affordable,not_recommended,none,,none,
request_229,259.72,not_affordable,not_recommended,none,,none,
request_230,3537.6,affordable_now,full_payment,2025-08-06:3537.6,2025-08-06,none,
request_231,31966.68,affordable_with_plan,installments,2026-01-06:12378.08|2026-02-05:12378.08|2026-03-07:12378.08,2026-01-15,none,
request_232,251.5,affordable_later,wait,2024-09-03:1970.1,2024-09-03,none,
request_233,0.0,not_affordable,not_recommended,none,,none,
request_234,82.69,affordable_with_plan,wait,2026-09-15:1213.3,2026-09-15,none,
request_235,923.08,affordable_later,wait,2024-11-15:967.2,2024-11-15,none,
request_236,6008911.86,not_affordable,not_recommended,none,,none,
request_237,23826000.0,affordable_now,full_payment,2026-04-05:23826000,2026-04-05,none,
request_238,663.6,affordable_with_plan,installments,2024-12-07:230.05|2025-01-07:230.05|2025-02-07:230.05,2024-12-07,none,
request_239,642.0,affordable_now,full_payment,2025-05-04:642,2025-05-04,none,
request_240,14530.78,not_affordable,not_recommended,none,,none,
request_241,21052000.0,affordable_with_plan,installments,2024-03-17:7298026.67|2024-04-17:7298026.67|2024-05-18:7298026.67,2024-03-03,none,
request_242,0.0,not_affordable,not_recommended,none,,none,
request_243,17468.0,affordable_now,full_payment,2026-07-07:17468,2026-07-07,none,
request_244,49918.0,affordable_now,full_payment,2024-06-04:49918,2024-06-04,none,
request_245,19072.58,affordable_with_plan,wait,2026-01-15:128500,2026-01-15,none,
request_246,64086.0,affordable_with_plan,installments,2026-04-03:22216.48|2026-05-03:22216.48|2026-06-02:22216.48,2026-04-03,none,
request_247,1028.61,affordable_with_plan,wait,2024-09-15:1059.3,2024-09-15,none,
request_248,907.01,not_affordable,not_recommended,none,,none,
request_249,0.0,not_affordable,not_recommended,none,,none,
request_250,12877.62,not_affordable,not_recommended,none,,none,
request_251,1513.6,affordable_with_plan,installments,2025-05-10:111|2025-06-09:111|2025-07-09:111|2025-08-08:111|2025-09-07:111|2025-10-07:111|2025-11-06:111|2025-12-06:111|2026-01-05:111|2026-02-04:111|2026-03-06:111|2026-04-05:111|2026-05-05:111|2026-06-04:111|2026-07-04:111,2025-05-03,none,
request_252,3829807.73,affordable_with_plan,wait,2026-09-15:28082000,2026-09-15,none,
request_253,1195.66,not_affordable,not_recommended,none,,none,
request_254,452.71,affordable_with_plan,wait,2025-10-15:3535.2,2025-10-15,none,
request_255,3345000.0,affordable_now,full_payment,2026-04-06:3345000,2026-04-06,none,
request_256,168729.24,affordable_with_plan,installments,2024-06-10:75816|2024-07-11:75816|2024-08-11:75816,2024-07-15,none,
request_257,275.83,affordable_with_plan,wait,2025-11-15:1352.4,2025-11-15,none,
request_258,1113.6,affordable_now,full_payment,2026-01-07:1113.6,2026-01-07,none,
request_259,184.58,affordable_with_plan,wait,2024-11-15:935,2024-11-15,none,
request_260,4204188.21,not_affordable,not_recommended,none,,none,
request_261,1830.4,affordable_now,full_payment,2026-07-03:1830.4,2026-07-03,none,
request_262,9236000.0,affordable_now,full_payment,2024-12-05:9236000,2024-12-05,none,
request_263,5341.49,not_affordable,not_recommended,none,,none,
request_264,15950.43,affordable_with_plan,wait,2026-06-15:111300,2026-06-15,none,
request_265,45970.0,affordable_now,full_payment,2024-03-06:45970,2024-03-06,none,
request_266,818.52,affordable_with_plan,installments,2025-08-03:324.13|2025-08-31:324.13|2025-09-28:324.13,2025-08-15,none,
request_267,643.49,not_affordable,not_recommended,none,,none,
request_268,830.35,not_affordable,not_recommended,none,,none,
request_269,0.0,not_affordable,not_recommended,none,,none,
request_270,50.74,not_affordable,not_recommended,none,,none,
request_271,496.22,affordable_later,wait,2024-12-02:91300,2024-12-02,none,
request_272,6128654.53,affordable_with_plan,installments,2025-02-12:4709466.67|2025-03-12:4709466.67|2025-04-09:4709466.67,2025-03-15,none,
request_273,5286017.9,affordable_with_plan,partial_payment,2026-04-07:5286017.9|2026-05-15:10574982.1,2026-05-15,none,
request_274,2300.49,not_affordable,not_recommended,none,,none,
request_275,15884000.0,affordable_now,full_payment,2025-05-06:15884000,2025-05-06,none,
